Date time,Precipitable Water Vapor [mm]
2026-05-19T00:01:00,1.94
2026-05-19T00:02:00,1.94
2026-05-19T00:03:00,2.00
2026-05-19T00:04:00,1.98
2026-05-19T00:05:00,1.94
2026-05-19T00:06:00,1.93
2026-05-19T00:07:00,1.96
2026-05-19T00:08:00,1.95
2026-05-19T00:09:00,1.91
2026-05-19T00:10:00,1.90
2026-05-19T00:11:00,1.88
2026-05-19T00:12:00,1.91
2026-05-19T00:13:00,1.89
2026-05-19T00:14:00,1.91
2026-05-19T00:15:00,1.91
2026-05-19T00:16:00,1.94
2026-05-19T00:17:00,1.88
2026-05-19T00:18:00,1.89
2026-05-19T00:19:00,1.86
2026-05-19T00:20:00,1.84
2026-05-19T00:21:00,1.83
2026-05-19T00:22:00,1.77
2026-05-19T00:23:00,1.81
2026-05-19T00:24:00,1.80
2026-05-19T00:25:00,1.83
2026-05-19T00:26:00,1.80
2026-05-19T00:27:00,1.80
2026-05-19T00:28:00,1.77
2026-05-19T00:29:00,1.77
2026-05-19T00:30:00,1.79
2026-05-19T00:31:00,1.79
2026-05-19T00:32:00,1.89
2026-05-19T00:33:00,1.84
2026-05-19T00:34:00,1.84
2026-05-19T00:35:00,1.81
2026-05-19T00:36:00,1.83
2026-05-19T00:37:00,1.87
2026-05-19T00:38:00,1.92
2026-05-19T00:39:00,1.93
2026-05-19T00:40:00,1.89
2026-05-19T00:41:00,1.86
2026-05-19T00:42:00,1.86
2026-05-19T00:43:00,1.88
2026-05-19T00:44:00,1.84
2026-05-19T00:45:00,1.88
2026-05-19T00:46:00,1.87
2026-05-19T00:47:00,1.91
2026-05-19T00:48:00,1.86
2026-05-19T00:49:00,2.78
2026-05-19T00:50:00,1.86
2026-05-19T00:51:00,1.84
2026-05-19T00:52:00,1.89
2026-05-19T00:53:00,2.00
2026-05-19T00:54:00,1.90
2026-05-19T00:55:00,1.92
2026-05-19T00:56:00,1.90
2026-05-19T00:57:00,1.87
2026-05-19T00:58:00,1.84
2026-05-19T00:59:00,1.87
2026-05-19T01:00:00,1.89
2026-05-19T01:01:00,1.84
2026-05-19T01:02:00,1.85
2026-05-19T01:03:00,1.83
2026-05-19T01:04:00,1.82
2026-05-19T01:05:00,1.83
2026-05-19T01:06:00,1.88
2026-05-19T01:07:00,1.87
2026-05-19T01:08:00,1.82
2026-05-19T01:09:00,1.81
2026-05-19T01:10:00,1.83
2026-05-19T01:11:00,1.80
2026-05-19T01:12:00,1.80
2026-05-19T01:13:00,1.80
2026-05-19T01:14:00,1.85
2026-05-19T01:15:00,1.86
2026-05-19T01:16:00,1.86
2026-05-19T01:17:00,1.84
2026-05-19T01:18:00,1.81
2026-05-19T01:19:00,1.85
2026-05-19T01:20:00,1.82
2026-05-19T01:21:00,1.80
2026-05-19T01:22:00,1.80
2026-05-19T01:23:00,1.81
2026-05-19T01:24:00,1.82
2026-05-19T01:25:00,1.83
2026-05-19T01:26:00,1.66
2026-05-19T01:27:00,1.84
2026-05-19T01:28:00,1.84
2026-05-19T01:29:00,1.84
2026-05-19T01:30:00,1.82
2026-05-19T01:31:00,1.85
2026-05-19T01:32:00,1.82
2026-05-19T01:33:00,1.81
2026-05-19T01:34:00,1.84
2026-05-19T01:35:00,1.79
2026-05-19T01:36:00,1.79
2026-05-19T01:37:00,1.80
2026-05-19T01:38:00,1.80
2026-05-19T01:39:00,1.80
2026-05-19T01:40:00,1.76
2026-05-19T01:41:00,1.82
2026-05-19T01:42:00,1.85
2026-05-19T01:43:00,1.86
2026-05-19T01:44:00,1.83
2026-05-19T01:45:00,1.82
2026-05-19T01:46:00,1.90
2026-05-19T01:47:00,1.84
2026-05-19T01:48:00,1.80
2026-05-19T01:49:00,1.84
2026-05-19T01:50:00,1.85
2026-05-19T01:51:00,1.86
2026-05-19T01:52:00,1.84
2026-05-19T01:53:00,1.83
2026-05-19T01:54:00,1.79
2026-05-19T01:55:00,1.95
2026-05-19T01:56:00,1.84
2026-05-19T01:57:00,1.80
2026-05-19T01:58:00,1.86
2026-05-19T01:59:00,1.56
2026-05-19T02:00:00,1.86
2026-05-19T02:01:00,1.86
2026-05-19T02:02:00,1.90
2026-05-19T02:03:00,1.88
2026-05-19T02:04:00,2.40
2026-05-19T02:05:00,1.85
2026-05-19T02:06:00,1.82
2026-05-19T02:07:00,1.83
2026-05-19T02:08:00,1.91
2026-05-19T02:09:00,1.92
2026-05-19T02:10:00,1.83
2026-05-19T02:11:00,1.82
2026-05-19T02:12:00,1.84
2026-05-19T02:13:00,1.84
2026-05-19T02:14:00,1.87
2026-05-19T02:15:00,1.84
2026-05-19T02:16:00,1.83
2026-05-19T02:17:00,1.85
2026-05-19T02:18:00,1.86
2026-05-19T02:19:00,1.81
2026-05-19T02:20:00,1.84
2026-05-19T02:21:00,1.82
2026-05-19T02:22:00,1.83
2026-05-19T02:23:00,1.81
2026-05-19T02:24:00,1.82
2026-05-19T02:25:00,1.81
2026-05-19T02:26:00,1.81
2026-05-19T02:27:00,1.81
2026-05-19T02:28:00,1.79
2026-05-19T02:29:00,1.79
2026-05-19T02:30:00,1.79
2026-05-19T02:31:00,1.79
2026-05-19T02:32:00,1.80
2026-05-19T02:33:00,1.80
2026-05-19T02:34:00,1.79
2026-05-19T02:35:00,1.79
2026-05-19T02:36:00,1.81
2026-05-19T02:37:00,1.79
2026-05-19T02:38:00,1.80
2026-05-19T02:39:00,1.79
2026-05-19T02:40:00,1.79
2026-05-19T02:41:00,1.78
2026-05-19T02:42:00,1.79
2026-05-19T02:43:00,1.82
2026-05-19T02:44:00,1.82
2026-05-19T02:45:00,1.82
2026-05-19T02:46:00,1.82
2026-05-19T02:47:00,1.83
2026-05-19T02:48:00,1.80
2026-05-19T02:49:00,1.79
2026-05-19T02:50:00,1.82
2026-05-19T02:51:00,1.83
2026-05-19T02:52:00,1.81
2026-05-19T02:53:00,1.84
2026-05-19T02:54:00,1.84
2026-05-19T02:55:00,1.83
2026-05-19T02:56:00,1.84
2026-05-19T02:57:00,1.83
2026-05-19T02:58:00,1.84
2026-05-19T02:59:00,1.84
2026-05-19T03:00:00,1.84
2026-05-19T03:01:00,1.84
2026-05-19T03:02:00,1.84
2026-05-19T03:03:00,1.82
2026-05-19T03:04:00,1.82
2026-05-19T03:05:00,1.82
2026-05-19T03:06:00,1.83
2026-05-19T03:07:00,1.84
2026-05-19T03:08:00,1.85
2026-05-19T03:09:00,1.87
2026-05-19T03:10:00,1.83
2026-05-19T03:11:00,1.84
2026-05-19T03:12:00,1.85
2026-05-19T03:13:00,1.82
2026-05-19T03:14:00,1.84
2026-05-19T03:15:00,1.83
2026-05-19T03:16:00,1.83
2026-05-19T03:17:00,1.85
2026-05-19T03:18:00,1.85
2026-05-19T03:19:00,1.83
2026-05-19T03:20:00,1.84
2026-05-19T03:21:00,1.80
2026-05-19T03:22:00,1.80
2026-05-19T03:23:00,1.80
2026-05-19T03:24:00,1.81
2026-05-19T03:25:00,1.80
2026-05-19T03:26:00,1.80
2026-05-19T03:27:00,1.79
2026-05-19T03:28:00,1.80
2026-05-19T03:29:00,1.80
2026-05-19T03:30:00,1.81
2026-05-19T03:31:00,1.81
2026-05-19T03:32:00,1.80
2026-05-19T03:33:00,1.77
2026-05-19T03:34:00,1.78
2026-05-19T03:35:00,1.79
2026-05-19T03:36:00,1.79
2026-05-19T03:37:00,1.80
2026-05-19T03:38:00,1.77
2026-05-19T03:39:00,1.76
2026-05-19T03:40:00,1.76
2026-05-19T03:41:00,1.76
2026-05-19T03:42:00,1.75
2026-05-19T03:43:00,1.75
2026-05-19T03:44:00,1.74
2026-05-19T03:45:00,1.75
2026-05-19T03:46:00,1.77
2026-05-19T03:47:00,1.78
2026-05-19T03:48:00,1.78
2026-05-19T03:49:00,1.76
2026-05-19T03:50:00,1.76
2026-05-19T03:51:00,1.78
2026-05-19T03:52:00,1.80
2026-05-19T03:53:00,1.79
2026-05-19T03:54:00,1.77
2026-05-19T03:55:00,1.80
2026-05-19T03:56:00,1.78
2026-05-19T03:57:00,1.78
2026-05-19T03:58:00,1.79
2026-05-19T03:59:00,1.81
2026-05-19T04:00:00,1.77
2026-05-19T04:01:00,1.77
2026-05-19T04:02:00,1.78
2026-05-19T04:03:00,1.79
2026-05-19T04:04:00,1.76
2026-05-19T04:05:00,1.73
2026-05-19T04:06:00,1.74
2026-05-19T04:07:00,1.71
2026-05-19T04:08:00,1.71
2026-05-19T04:09:00,1.71
2026-05-19T04:10:00,1.69
2026-05-19T04:11:00,1.68
2026-05-19T04:12:00,1.70
2026-05-19T04:13:00,1.71
2026-05-19T04:14:00,1.71
2026-05-19T04:15:00,1.71
2026-05-19T04:16:00,1.71
2026-05-19T04:17:00,1.73
2026-05-19T04:18:00,1.74
2026-05-19T04:19:00,1.75
2026-05-19T04:20:00,1.76
2026-05-19T04:21:00,1.80
2026-05-19T04:22:00,1.81
2026-05-19T04:23:00,1.81
2026-05-19T04:24:00,1.82
2026-05-19T04:25:00,1.83
2026-05-19T04:26:00,1.84
2026-05-19T04:27:00,1.84
2026-05-19T04:28:00,1.82
2026-05-19T04:29:00,1.81
2026-05-19T04:30:00,1.81
2026-05-19T04:31:00,1.81
2026-05-19T04:32:00,1.81
2026-05-19T04:33:00,1.80
2026-05-19T04:34:00,1.81
2026-05-19T04:35:00,1.80
2026-05-19T04:36:00,1.81
2026-05-19T04:37:00,1.81
2026-05-19T04:38:00,1.82
2026-05-19T04:39:00,1.83
2026-05-19T04:40:00,1.82
2026-05-19T04:41:00,1.84
2026-05-19T04:42:00,1.85
2026-05-19T04:43:00,1.85
2026-05-19T04:44:00,1.87
2026-05-19T04:45:00,1.87
2026-05-19T04:46:00,1.87
2026-05-19T04:47:00,1.88
2026-05-19T04:48:00,1.87
2026-05-19T04:49:00,1.88
2026-05-19T04:50:00,1.88
2026-05-19T04:51:00,1.89
2026-05-19T04:52:00,1.89
2026-05-19T04:53:00,1.91
2026-05-19T04:54:00,1.91
2026-05-19T04:55:00,1.89
2026-05-19T04:56:00,1.88
2026-05-19T04:57:00,1.88
2026-05-19T04:58:00,1.88
2026-05-19T04:59:00,1.87
2026-05-19T05:00:00,1.87
2026-05-19T05:01:00,1.87
2026-05-19T05:02:00,1.88
2026-05-19T05:03:00,1.87
2026-05-19T05:04:00,1.89
2026-05-19T05:05:00,1.89
2026-05-19T05:06:00,1.89
2026-05-19T05:07:00,1.89
2026-05-19T05:08:00,1.88
2026-05-19T05:09:00,1.89
2026-05-19T05:10:00,1.88
2026-05-19T05:11:00,1.88
2026-05-19T05:12:00,1.86
2026-05-19T05:13:00,1.88
2026-05-19T05:14:00,1.87
2026-05-19T05:15:00,1.87
2026-05-19T05:16:00,1.88
2026-05-19T05:17:00,1.89
2026-05-19T05:18:00,1.86
2026-05-19T05:19:00,1.90
2026-05-19T05:20:00,1.88
2026-05-19T05:21:00,1.89
2026-05-19T05:22:00,1.91
2026-05-19T05:23:00,1.91
2026-05-19T05:24:00,1.90
2026-05-19T05:25:00,1.89
2026-05-19T05:26:00,1.88
2026-05-19T05:27:00,1.86
2026-05-19T05:28:00,1.88
2026-05-19T05:29:00,1.91
2026-05-19T05:30:00,1.91
2026-05-19T05:31:00,1.91
2026-05-19T05:32:00,1.93
2026-05-19T05:33:00,1.93
2026-05-19T05:34:00,1.94
2026-05-19T05:35:00,1.96
2026-05-19T05:36:00,1.96
2026-05-19T05:37:00,1.96
2026-05-19T05:38:00,1.97
2026-05-19T05:39:00,1.95
2026-05-19T05:40:00,1.96
2026-05-19T05:41:00,1.94
2026-05-19T05:42:00,1.95
2026-05-19T05:43:00,1.96
2026-05-19T05:44:00,1.95
2026-05-19T05:45:00,1.95
2026-05-19T05:46:00,1.97
2026-05-19T05:47:00,1.96
2026-05-19T05:48:00,1.96
2026-05-19T05:49:00,1.99
2026-05-19T05:50:00,1.98
2026-05-19T05:51:00,1.98
2026-05-19T05:52:00,1.98
2026-05-19T05:53:00,1.98
2026-05-19T05:54:00,1.95
2026-05-19T05:55:00,1.95
2026-05-19T05:56:00,1.96
2026-05-19T05:57:00,1.96
2026-05-19T05:58:00,1.97
2026-05-19T05:59:00,1.97
2026-05-19T06:00:00,1.97
2026-05-19T06:01:00,1.96
2026-05-19T06:02:00,1.98
2026-05-19T06:03:00,1.97
2026-05-19T06:04:00,1.98
2026-05-19T06:05:00,1.97
2026-05-19T06:06:00,1.96
2026-05-19T06:07:00,1.94
2026-05-19T06:08:00,1.96
2026-05-19T06:09:00,1.96
2026-05-19T06:10:00,1.97
2026-05-19T06:11:00,1.97
2026-05-19T06:12:00,1.98
2026-05-19T06:13:00,1.97
2026-05-19T06:14:00,1.96
2026-05-19T06:15:00,1.97
2026-05-19T06:16:00,1.98
2026-05-19T06:17:00,1.99
2026-05-19T06:18:00,1.98
2026-05-19T06:19:00,1.97
2026-05-19T06:20:00,1.96
2026-05-19T06:21:00,1.94
2026-05-19T06:22:00,1.96
2026-05-19T06:23:00,1.95
2026-05-19T06:24:00,1.98
2026-05-19T06:25:00,1.99
2026-05-19T06:26:00,1.99
2026-05-19T06:27:00,1.97
2026-05-19T06:28:00,2.00
2026-05-19T06:29:00,1.98
2026-05-19T06:30:00,1.99
2026-05-19T06:31:00,1.99
2026-05-19T06:32:00,2.01
2026-05-19T06:33:00,1.99
2026-05-19T06:34:00,1.99
2026-05-19T06:35:00,2.00
2026-05-19T06:36:00,1.96
2026-05-19T06:37:00,1.97
2026-05-19T06:38:00,1.96
2026-05-19T06:39:00,1.95
2026-05-19T06:40:00,1.95
2026-05-19T06:41:00,1.94
2026-05-19T06:42:00,1.96
2026-05-19T06:43:00,1.97
2026-05-19T06:44:00,1.95
2026-05-19T06:45:00,1.95
2026-05-19T06:46:00,1.95
2026-05-19T06:47:00,1.95
2026-05-19T06:48:00,1.96
2026-05-19T06:49:00,1.95
2026-05-19T06:50:00,1.93
2026-05-19T06:51:00,1.94
2026-05-19T06:52:00,1.93
2026-05-19T06:53:00,1.93
2026-05-19T06:54:00,1.94
2026-05-19T06:55:00,1.93
2026-05-19T06:56:00,1.94
2026-05-19T06:57:00,1.94
2026-05-19T06:58:00,1.95
2026-05-19T06:59:00,1.95
2026-05-19T07:00:00,1.93
2026-05-19T07:01:00,1.93
2026-05-19T07:02:00,1.94
2026-05-19T07:03:00,1.94
2026-05-19T07:04:00,1.94
2026-05-19T07:05:00,1.94
2026-05-19T07:06:00,1.96
2026-05-19T07:07:00,1.97
2026-05-19T07:08:00,2.00
2026-05-19T07:09:00,1.99
2026-05-19T07:10:00,1.97
2026-05-19T07:11:00,2.00
2026-05-19T07:12:00,2.01
2026-05-19T07:13:00,2.01
2026-05-19T07:14:00,2.00
2026-05-19T07:15:00,2.00
2026-05-19T07:16:00,2.00
2026-05-19T07:17:00,2.01
2026-05-19T07:18:00,1.98
2026-05-19T07:19:00,1.97
2026-05-19T07:20:00,1.99
2026-05-19T07:21:00,1.99
2026-05-19T07:22:00,1.99
2026-05-19T07:23:00,1.98
2026-05-19T07:24:00,1.98
2026-05-19T07:25:00,1.99
2026-05-19T07:26:00,2.00
2026-05-19T07:27:00,1.99
2026-05-19T07:28:00,2.00
2026-05-19T07:29:00,1.99
2026-05-19T07:30:00,1.97
2026-05-19T07:31:00,1.99
2026-05-19T07:32:00,1.99
2026-05-19T07:33:00,1.95
2026-05-19T07:34:00,1.98
2026-05-19T07:35:00,1.99
2026-05-19T07:36:00,1.97
2026-05-19T07:37:00,1.96
2026-05-19T07:38:00,1.97
2026-05-19T07:39:00,1.95
2026-05-19T07:40:00,1.94
2026-05-19T07:41:00,1.91
2026-05-19T07:42:00,1.93
2026-05-19T07:43:00,1.91
2026-05-19T07:44:00,1.90
2026-05-19T07:45:00,1.90
2026-05-19T07:46:00,1.89
2026-05-19T07:47:00,1.89
2026-05-19T07:48:00,1.89
2026-05-19T07:49:00,1.90
2026-05-19T07:50:00,1.91
2026-05-19T07:51:00,1.91
2026-05-19T07:52:00,1.92
2026-05-19T07:53:00,1.92
2026-05-19T07:54:00,1.91
2026-05-19T07:55:00,1.90
2026-05-19T07:56:00,1.88
2026-05-19T07:57:00,1.87
2026-05-19T07:58:00,1.88
2026-05-19T07:59:00,1.89
2026-05-19T08:00:00,1.89
2026-05-19T08:01:00,1.91
2026-05-19T08:02:00,1.90
2026-05-19T08:03:00,1.81
2026-05-19T08:04:00,1.81
2026-05-19T08:05:00,1.83
2026-05-19T08:06:00,1.85
2026-05-19T08:07:00,1.81
2026-05-19T08:08:00,1.83
2026-05-19T08:09:00,1.83
2026-05-19T08:10:00,1.85
2026-05-19T08:11:00,1.83
2026-05-19T08:12:00,1.84
2026-05-19T08:13:00,1.84
2026-05-19T08:14:00,1.83
2026-05-19T08:15:00,1.84
2026-05-19T08:16:00,1.83
2026-05-19T08:17:00,1.84
2026-05-19T08:18:00,1.82
2026-05-19T08:19:00,1.82
2026-05-19T08:20:00,1.83
2026-05-19T08:21:00,1.83
2026-05-19T08:22:00,1.84
2026-05-19T08:23:00,1.85
2026-05-19T08:24:00,1.82
2026-05-19T08:25:00,1.83
2026-05-19T08:26:00,1.82
2026-05-19T08:27:00,1.79
2026-05-19T08:28:00,1.82
2026-05-19T08:29:00,1.80
2026-05-19T08:30:00,1.82
2026-05-19T08:31:00,1.80
2026-05-19T08:32:00,1.81
2026-05-19T08:33:00,1.81
2026-05-19T08:34:00,1.78
2026-05-19T08:35:00,1.80
2026-05-19T08:36:00,1.81
2026-05-19T08:37:00,1.82
2026-05-19T08:38:00,1.81
2026-05-19T08:39:00,1.81
2026-05-19T08:40:00,1.81
2026-05-19T08:41:00,1.80
2026-05-19T08:42:00,1.80
2026-05-19T08:43:00,1.80
2026-05-19T08:44:00,1.80
2026-05-19T08:45:00,1.82
2026-05-19T08:46:00,1.83
2026-05-19T08:47:00,1.82
2026-05-19T08:48:00,1.81
2026-05-19T08:49:00,1.83
2026-05-19T08:50:00,1.84
2026-05-19T08:51:00,1.87
2026-05-19T08:52:00,1.87
2026-05-19T08:53:00,1.89
2026-05-19T08:54:00,1.88
2026-05-19T08:55:00,1.91
2026-05-19T08:56:00,1.91
2026-05-19T08:57:00,1.90
2026-05-19T08:58:00,1.89
2026-05-19T08:59:00,1.90
2026-05-19T09:00:00,1.90
2026-05-19T09:01:00,1.89
2026-05-19T09:02:00,1.90
2026-05-19T09:03:00,1.90
2026-05-19T09:04:00,1.88
2026-05-19T09:05:00,1.90
2026-05-19T09:06:00,1.90
2026-05-19T09:07:00,1.91
2026-05-19T09:08:00,1.90
2026-05-19T09:09:00,1.92
2026-05-19T09:10:00,1.91
2026-05-19T09:11:00,1.91
2026-05-19T09:12:00,1.91
2026-05-19T09:13:00,1.90
2026-05-19T09:14:00,1.91
2026-05-19T09:15:00,1.89
2026-05-19T09:16:00,1.90
2026-05-19T09:17:00,1.89
2026-05-19T09:18:00,1.91
2026-05-19T09:19:00,1.91
2026-05-19T09:20:00,1.90
2026-05-19T09:21:00,1.91
2026-05-19T09:22:00,1.90
2026-05-19T09:23:00,1.86
2026-05-19T09:24:00,1.87
2026-05-19T09:25:00,1.87
2026-05-19T09:26:00,1.86
2026-05-19T09:27:00,1.89
2026-05-19T09:28:00,1.90
2026-05-19T09:29:00,1.91
2026-05-19T09:30:00,1.90
2026-05-19T09:31:00,1.91
2026-05-19T09:32:00,1.89
2026-05-19T09:33:00,1.88
2026-05-19T09:34:00,1.89
2026-05-19T09:35:00,1.90
2026-05-19T09:36:00,1.90
2026-05-19T09:37:00,1.89
2026-05-19T09:38:00,1.90
2026-05-19T09:39:00,1.89
2026-05-19T09:40:00,1.88
2026-05-19T09:41:00,1.89
2026-05-19T09:42:00,1.88
2026-05-19T09:43:00,1.90
2026-05-19T09:44:00,1.90
2026-05-19T09:45:00,1.89
2026-05-19T09:46:00,1.89
2026-05-19T09:47:00,1.90
2026-05-19T09:48:00,1.89
2026-05-19T09:49:00,1.88
2026-05-19T09:50:00,1.88
2026-05-19T09:51:00,1.88
2026-05-19T09:52:00,1.87
2026-05-19T09:53:00,1.88
2026-05-19T09:54:00,1.88
2026-05-19T09:55:00,1.86
2026-05-19T09:56:00,1.86
2026-05-19T09:57:00,1.87
2026-05-19T09:58:00,1.86
2026-05-19T09:59:00,1.86
2026-05-19T10:00:00,1.85
2026-05-19T10:01:00,1.85
2026-05-19T10:02:00,1.84
2026-05-19T10:03:00,1.83
2026-05-19T10:04:00,1.86
2026-05-19T10:05:00,1.82
2026-05-19T10:06:00,1.85
2026-05-19T10:07:00,1.86
2026-05-19T10:08:00,1.87
2026-05-19T10:09:00,1.87
2026-05-19T10:10:00,1.87
2026-05-19T10:11:00,1.86
2026-05-19T10:12:00,1.86
2026-05-19T10:13:00,1.84
2026-05-19T10:14:00,1.85
2026-05-19T10:15:00,1.84
2026-05-19T10:16:00,1.84
2026-05-19T10:17:00,1.82
2026-05-19T10:18:00,1.82
2026-05-19T10:19:00,1.83
2026-05-19T10:20:00,1.82
2026-05-19T10:21:00,1.80
2026-05-19T10:22:00,1.82
2026-05-19T10:23:00,1.82
2026-05-19T10:24:00,1.82
2026-05-19T10:25:00,1.81
2026-05-19T10:26:00,1.79
2026-05-19T10:27:00,1.80
2026-05-19T10:28:00,1.80
2026-05-19T10:29:00,1.80
2026-05-19T10:30:00,1.79
2026-05-19T10:31:00,1.80
2026-05-19T10:32:00,1.80
2026-05-19T10:33:00,1.80
2026-05-19T10:34:00,1.77
2026-05-19T10:35:00,1.77
2026-05-19T10:36:00,1.77
2026-05-19T10:37:00,1.77
2026-05-19T10:38:00,1.76
2026-05-19T10:39:00,1.75
2026-05-19T10:40:00,1.77
2026-05-19T10:41:00,1.76
2026-05-19T10:42:00,1.75
2026-05-19T10:43:00,1.75
2026-05-19T10:44:00,1.75
2026-05-19T10:45:00,1.74
2026-05-19T10:46:00,1.73
2026-05-19T10:47:00,1.73
2026-05-19T10:48:00,1.74
2026-05-19T10:49:00,1.74
2026-05-19T10:50:00,1.74
2026-05-19T10:51:00,1.74
2026-05-19T10:52:00,1.74
2026-05-19T10:53:00,1.74
2026-05-19T10:54:00,1.75
2026-05-19T10:55:00,1.74
2026-05-19T10:56:00,1.73
2026-05-19T10:57:00,1.72
2026-05-19T10:58:00,1.73
2026-05-19T10:59:00,1.71
2026-05-19T11:00:00,1.72
2026-05-19T11:01:00,1.73
2026-05-19T11:02:00,1.72
2026-05-19T11:03:00,1.73
2026-05-19T11:04:00,1.72
2026-05-19T11:05:00,1.72
2026-05-19T11:06:00,1.73
2026-05-19T11:07:00,1.71
2026-05-19T11:08:00,1.71
2026-05-19T11:09:00,1.71
2026-05-19T11:10:00,1.71
2026-05-19T11:11:00,1.72
2026-05-19T11:12:00,1.72
2026-05-19T11:13:00,1.73
2026-05-19T11:14:00,1.73
2026-05-19T11:15:00,1.72
2026-05-19T11:16:00,1.71
2026-05-19T11:17:00,1.71
2026-05-19T11:18:00,1.71
2026-05-19T11:19:00,1.70
2026-05-19T11:20:00,1.70
2026-05-19T11:21:00,1.70
2026-05-19T11:22:00,1.73
2026-05-19T11:23:00,1.73
2026-05-19T11:24:00,1.71
2026-05-19T11:25:00,1.72
2026-05-19T11:26:00,1.71
2026-05-19T11:27:00,1.71
2026-05-19T11:28:00,1.70
2026-05-19T11:29:00,1.71
2026-05-19T11:30:00,1.72
2026-05-19T11:31:00,1.73
2026-05-19T11:32:00,1.72
2026-05-19T11:33:00,1.70
2026-05-19T11:34:00,1.70
2026-05-19T11:35:00,1.70
2026-05-19T11:36:00,1.70
2026-05-19T11:37:00,1.70
2026-05-19T11:38:00,1.71
2026-05-19T11:39:00,1.72
2026-05-19T11:40:00,1.71
2026-05-19T11:41:00,1.70
2026-05-19T11:42:00,1.69
2026-05-19T11:43:00,1.70
2026-05-19T11:44:00,1.76
2026-05-19T11:45:00,1.72
2026-05-19T11:46:00,1.71
2026-05-19T11:47:00,1.69
2026-05-19T11:48:00,1.69
2026-05-19T11:49:00,1.69
2026-05-19T11:50:00,1.69
2026-05-19T11:51:00,1.69
2026-05-19T11:52:00,1.69
2026-05-19T11:53:00,1.69
2026-05-19T11:54:00,1.69
2026-05-19T11:55:00,1.69
2026-05-19T11:56:00,1.68
2026-05-19T11:57:00,1.68
2026-05-19T11:58:00,1.68
2026-05-19T11:59:00,1.67
2026-05-19T12:00:00,1.67
2026-05-19T12:01:00,1.66
2026-05-19T12:02:00,1.67
2026-05-19T12:03:00,1.65
2026-05-19T12:04:00,1.67
2026-05-19T12:05:00,1.67
2026-05-19T12:06:00,1.67
2026-05-19T12:07:00,1.66
2026-05-19T12:08:00,1.66
2026-05-19T12:09:00,1.66
2026-05-19T12:10:00,1.68
2026-05-19T12:11:00,1.68
2026-05-19T12:12:00,1.67
2026-05-19T12:13:00,1.69
2026-05-19T12:14:00,1.70
2026-05-19T12:15:00,1.69
2026-05-19T12:16:00,1.70
2026-05-19T12:17:00,1.67
2026-05-19T12:18:00,1.67
2026-05-19T12:19:00,1.67
2026-05-19T12:20:00,1.68
2026-05-19T12:21:00,1.70
2026-05-19T12:22:00,1.69
2026-05-19T12:23:00,1.69
2026-05-19T12:24:00,1.68
2026-05-19T12:25:00,1.66
2026-05-19T12:26:00,1.66
2026-05-19T12:27:00,1.65
2026-05-19T12:28:00,1.65
2026-05-19T12:29:00,1.65
2026-05-19T12:30:00,1.65
2026-05-19T12:31:00,1.66
2026-05-19T12:32:00,1.65
2026-05-19T12:33:00,1.66
2026-05-19T12:34:00,1.65
2026-05-19T12:35:00,1.67
2026-05-19T12:36:00,1.65
2026-05-19T12:37:00,1.65
2026-05-19T12:38:00,1.66
2026-05-19T12:39:00,1.65
2026-05-19T12:40:00,1.67
2026-05-19T12:41:00,1.66
2026-05-19T12:42:00,1.66
2026-05-19T12:43:00,1.66
2026-05-19T12:44:00,1.66
2026-05-19T12:45:00,1.66
2026-05-19T12:46:00,1.66
2026-05-19T12:47:00,1.67
2026-05-19T12:48:00,1.66
2026-05-19T12:49:00,1.66
2026-05-19T12:50:00,1.66
2026-05-19T12:51:00,1.65
2026-05-19T12:52:00,1.67
2026-05-19T12:53:00,1.64
2026-05-19T12:54:00,1.63
2026-05-19T12:55:00,1.65
2026-05-19T12:56:00,1.64
2026-05-19T12:57:00,1.65
2026-05-19T12:58:00,1.62
2026-05-19T12:59:00,1.63
2026-05-19T13:00:00,1.60
2026-05-19T13:01:00,1.60
2026-05-19T13:02:00,1.60
2026-05-19T13:03:00,1.62
2026-05-19T13:04:00,1.60
2026-05-19T13:05:00,1.61
2026-05-19T13:06:00,1.61
2026-05-19T13:07:00,1.60
2026-05-19T13:08:00,1.60
2026-05-19T13:09:00,1.62
2026-05-19T13:10:00,1.61
2026-05-19T13:11:00,1.63
2026-05-19T13:12:00,1.61
2026-05-19T13:13:00,1.61
2026-05-19T13:14:00,1.60
2026-05-19T13:15:00,1.61
2026-05-19T13:16:00,1.60
2026-05-19T13:17:00,1.64
2026-05-19T13:18:00,1.61
2026-05-19T13:19:00,1.60
2026-05-19T13:20:00,1.60
2026-05-19T13:21:00,1.61
2026-05-19T13:22:00,1.61
2026-05-19T13:23:00,1.62
2026-05-19T13:24:00,1.59
2026-05-19T13:25:00,1.57
2026-05-19T13:26:00,1.56
2026-05-19T13:27:00,1.54
2026-05-19T13:28:00,1.55
2026-05-19T13:29:00,1.56
2026-05-19T13:30:00,1.57
2026-05-19T13:31:00,1.57
2026-05-19T13:32:00,1.54
2026-05-19T13:33:00,1.53
2026-05-19T13:34:00,1.52
2026-05-19T13:35:00,1.53
2026-05-19T13:36:00,1.54
2026-05-19T13:37:00,1.53
2026-05-19T13:38:00,1.54
2026-05-19T13:39:00,1.54
2026-05-19T13:40:00,1.58
2026-05-19T13:41:00,1.57
2026-05-19T13:42:00,1.54
2026-05-19T13:43:00,1.54
2026-05-19T13:44:00,1.52
2026-05-19T13:45:00,1.51
2026-05-19T13:46:00,1.49
2026-05-19T13:47:00,1.49
2026-05-19T13:48:00,1.49
2026-05-19T13:49:00,1.48
2026-05-19T13:50:00,1.48
2026-05-19T13:51:00,1.50
2026-05-19T13:52:00,1.52
2026-05-19T13:53:00,1.53
2026-05-19T13:54:00,1.53
2026-05-19T13:55:00,1.52
2026-05-19T13:56:00,1.54
2026-05-19T13:57:00,1.52
2026-05-19T13:58:00,1.53
2026-05-19T13:59:00,1.49
2026-05-19T14:00:00,1.48
2026-05-19T14:01:00,1.53
2026-05-19T14:02:00,1.50
2026-05-19T14:03:00,1.48
2026-05-19T14:04:00,1.52
2026-05-19T14:05:00,1.49
2026-05-19T14:06:00,1.52
2026-05-19T14:07:00,1.54
2026-05-19T14:08:00,1.54
2026-05-19T14:09:00,1.51
2026-05-19T14:10:00,1.50
2026-05-19T14:11:00,1.55
2026-05-19T14:12:00,1.52
2026-05-19T14:13:00,1.47
2026-05-19T14:14:00,1.51
2026-05-19T14:15:00,1.54
2026-05-19T14:16:00,1.52
2026-05-19T14:17:00,1.49
2026-05-19T14:18:00,1.48
2026-05-19T14:19:00,1.48
2026-05-19T14:20:00,1.50
2026-05-19T14:21:00,1.52
2026-05-19T14:22:00,1.49
2026-05-19T14:23:00,1.47
2026-05-19T14:24:00,1.46
2026-05-19T14:25:00,1.51
2026-05-19T14:26:00,1.48
2026-05-19T14:27:00,1.51
2026-05-19T14:28:00,1.47
2026-05-19T14:29:00,1.47
2026-05-19T14:30:00,1.52
2026-05-19T14:31:00,1.48
2026-05-19T14:32:00,1.52
2026-05-19T14:33:00,1.53
2026-05-19T14:34:00,1.51
2026-05-19T14:35:00,1.46
2026-05-19T14:36:00,1.48
2026-05-19T14:37:00,1.50
2026-05-19T14:38:00,1.48
2026-05-19T14:39:00,1.49
2026-05-19T14:40:00,1.50
2026-05-19T14:41:00,1.47
2026-05-19T14:42:00,1.48
2026-05-19T14:43:00,1.51
2026-05-19T14:44:00,1.46
2026-05-19T14:45:00,1.50
2026-05-19T14:46:00,1.49
2026-05-19T14:47:00,1.50
2026-05-19T14:48:00,1.46
2026-05-19T14:49:00,1.48
2026-05-19T14:50:00,1.45
2026-05-19T14:51:00,1.54
2026-05-19T14:52:00,1.47
2026-05-19T14:53:00,1.48
2026-05-19T14:54:00,1.50
2026-05-19T14:55:00,1.51
2026-05-19T14:56:00,1.48
2026-05-19T14:57:00,1.41
2026-05-19T14:58:00,1.48
2026-05-19T14:59:00,1.44
2026-05-19T15:00:00,1.44
2026-05-19T15:01:00,1.44
2026-05-19T15:02:00,1.43
2026-05-19T15:03:00,1.45
2026-05-19T15:04:00,1.47
2026-05-19T15:05:00,1.46
2026-05-19T15:06:00,1.47
2026-05-19T15:07:00,1.50
2026-05-19T15:08:00,1.43
2026-05-19T15:09:00,1.43
2026-05-19T15:10:00,1.43
2026-05-19T15:11:00,1.45
2026-05-19T15:12:00,1.44
2026-05-19T15:13:00,1.47
2026-05-19T15:14:00,1.45
2026-05-19T15:15:00,1.43
2026-05-19T15:16:00,1.44
2026-05-19T15:17:00,1.45
2026-05-19T15:18:00,1.47
2026-05-19T15:19:00,1.46
2026-05-19T15:20:00,1.44
2026-05-19T15:21:00,1.46
2026-05-19T15:22:00,1.51
2026-05-19T15:23:00,1.50
2026-05-19T15:24:00,1.46
2026-05-19T15:25:00,1.47
2026-05-19T15:26:00,1.51
2026-05-19T15:27:00,1.43
2026-05-19T15:28:00,1.50
2026-05-19T15:29:00,1.43
2026-05-19T15:30:00,1.56
2026-05-19T15:31:00,1.53
2026-05-19T15:32:00,1.50
2026-05-19T15:33:00,1.50
2026-05-19T15:34:00,1.52
2026-05-19T15:35:00,1.55
2026-05-19T15:36:00,1.49
2026-05-19T15:37:00,1.47
2026-05-19T15:38:00,1.53
2026-05-19T15:39:00,1.51
2026-05-19T15:40:00,1.47
2026-05-19T15:41:00,1.48
2026-05-19T15:42:00,1.53
2026-05-19T15:43:00,1.49
2026-05-19T15:44:00,1.51
2026-05-19T15:45:00,1.51
2026-05-19T15:46:00,1.47
2026-05-19T15:47:00,1.46
2026-05-19T15:48:00,1.52
2026-05-19T15:49:00,1.53
2026-05-19T15:50:00,1.53
2026-05-19T15:51:00,1.58
2026-05-19T15:52:00,1.57
2026-05-19T15:53:00,1.55
2026-05-19T15:54:00,1.50
2026-05-19T15:55:00,1.48
2026-05-19T15:56:00,1.57
2026-05-19T15:57:00,1.52
2026-05-19T15:58:00,1.59
2026-05-19T15:59:00,1.54
2026-05-19T16:00:00,1.51
2026-05-19T16:01:00,1.57
2026-05-19T16:02:00,1.50
2026-05-19T16:03:00,1.62
2026-05-19T16:04:00,1.53
2026-05-19T16:05:00,1.52
2026-05-19T16:06:00,1.52
2026-05-19T16:07:00,1.48
2026-05-19T16:08:00,1.49
2026-05-19T16:09:00,1.55
2026-05-19T16:10:00,1.63
2026-05-19T16:11:00,1.54
2026-05-19T16:12:00,1.49
2026-05-19T16:13:00,1.50
2026-05-19T16:14:00,1.48
2026-05-19T16:15:00,1.56
2026-05-19T16:16:00,1.57
2026-05-19T16:17:00,1.58
2026-05-19T16:18:00,1.54
2026-05-19T16:19:00,1.59
2026-05-19T16:20:00,1.53
2026-05-19T16:21:00,1.53
2026-05-19T16:22:00,1.55
2026-05-19T16:23:00,1.53
2026-05-19T16:24:00,1.58
2026-05-19T16:25:00,1.58
2026-05-19T16:26:00,1.54
2026-05-19T16:27:00,1.53
2026-05-19T16:28:00,1.56
2026-05-19T16:29:00,1.56
2026-05-19T16:30:00,1.59
2026-05-19T16:31:00,1.66
2026-05-19T16:32:00,1.53
2026-05-19T16:33:00,1.57
2026-05-19T16:34:00,1.60
2026-05-19T16:35:00,1.55
2026-05-19T16:36:00,1.58
2026-05-19T16:37:00,1.57
2026-05-19T16:38:00,1.58
2026-05-19T16:39:00,1.54
2026-05-19T16:40:00,1.52
2026-05-19T16:41:00,1.57
2026-05-19T16:42:00,1.57
2026-05-19T16:43:00,1.59
2026-05-19T16:44:00,1.58
2026-05-19T16:45:00,1.54
2026-05-19T16:46:00,1.52
2026-05-19T16:47:00,1.56
2026-05-19T16:48:00,1.59
2026-05-19T16:49:00,1.62
2026-05-19T16:50:00,1.66
2026-05-19T16:51:00,1.67
2026-05-19T16:52:00,1.64
2026-05-19T16:53:00,1.63
2026-05-19T16:54:00,1.65
2026-05-19T16:55:00,1.57
2026-05-19T16:56:00,1.61
2026-05-19T16:57:00,1.63
2026-05-19T16:58:00,1.61
2026-05-19T16:59:00,1.65
2026-05-19T17:00:00,1.68
2026-05-19T17:01:00,1.67
2026-05-19T17:02:00,1.60
2026-05-19T17:03:00,1.60
2026-05-19T17:04:00,1.56
2026-05-19T17:05:00,1.64
2026-05-19T17:06:00,1.53
2026-05-19T17:07:00,1.59
2026-05-19T17:08:00,1.58
2026-05-19T17:09:00,1.55
2026-05-19T17:10:00,1.61
2026-05-19T17:11:00,1.57
2026-05-19T17:12:00,1.47
2026-05-19T17:13:00,1.59
2026-05-19T17:14:00,1.61
2026-05-19T17:15:00,1.61
2026-05-19T17:16:00,1.50
2026-05-19T17:17:00,1.48
2026-05-19T17:18:00,1.50
2026-05-19T17:19:00,1.50
2026-05-19T17:20:00,1.49
2026-05-19T17:21:00,1.56
2026-05-19T17:22:00,1.53
2026-05-19T17:23:00,1.50
2026-05-19T17:24:00,1.46
2026-05-19T17:25:00,1.52
2026-05-19T17:26:00,1.49
2026-05-19T17:27:00,1.53
2026-05-19T17:28:00,1.47
2026-05-19T17:29:00,1.55
2026-05-19T17:30:00,1.52
2026-05-19T17:31:00,1.54
2026-05-19T17:32:00,1.49
2026-05-19T17:33:00,1.54
2026-05-19T17:34:00,1.61
2026-05-19T17:35:00,1.57
2026-05-19T17:36:00,1.51
2026-05-19T17:37:00,1.54
2026-05-19T17:38:00,1.44
2026-05-19T17:39:00,1.48
2026-05-19T17:40:00,1.57
2026-05-19T17:41:00,1.57
2026-05-19T17:42:00,1.54
2026-05-19T17:43:00,1.51
2026-05-19T17:44:00,1.53
2026-05-19T17:45:00,1.54
2026-05-19T17:46:00,1.53
2026-05-19T17:47:00,1.54
2026-05-19T17:48:00,1.51
2026-05-19T17:49:00,1.48
2026-05-19T17:50:00,1.52
2026-05-19T17:51:00,1.52
2026-05-19T17:52:00,1.45
2026-05-19T17:53:00,1.44
2026-05-19T17:54:00,1.52
2026-05-19T17:55:00,1.54
2026-05-19T17:56:00,1.54
2026-05-19T17:57:00,1.57
2026-05-19T17:58:00,1.48
2026-05-19T17:59:00,1.51
2026-05-19T18:00:00,1.51
2026-05-19T18:01:00,1.53
2026-05-19T18:02:00,1.50
2026-05-19T18:03:00,1.51
2026-05-19T18:04:00,1.52
2026-05-19T18:05:00,1.57
2026-05-19T18:06:00,1.52
2026-05-19T18:07:00,1.57
2026-05-19T18:08:00,1.58
2026-05-19T18:09:00,1.58
2026-05-19T18:10:00,1.53
2026-05-19T18:11:00,1.48
2026-05-19T18:12:00,1.53
2026-05-19T18:13:00,1.49
2026-05-19T18:14:00,1.57
2026-05-19T18:15:00,1.56
2026-05-19T18:16:00,1.55
2026-05-19T18:17:00,1.52
2026-05-19T18:18:00,1.52
2026-05-19T18:19:00,1.48
2026-05-19T18:20:00,1.51
2026-05-19T18:21:00,1.52
2026-05-19T18:22:00,1.49
2026-05-19T18:23:00,1.43
2026-05-19T18:24:00,1.49
2026-05-19T18:25:00,1.49
2026-05-19T18:26:00,1.52
2026-05-19T18:27:00,1.55
2026-05-19T18:28:00,1.53
2026-05-19T18:29:00,1.58
2026-05-19T18:30:00,1.56
2026-05-19T18:31:00,1.56
2026-05-19T18:32:00,1.51
2026-05-19T18:33:00,1.56
2026-05-19T18:34:00,1.49
2026-05-19T18:35:00,1.43
2026-05-19T18:36:00,1.52
2026-05-19T18:37:00,1.56
2026-05-19T18:38:00,1.54
2026-05-19T18:39:00,1.52
2026-05-19T18:40:00,1.50
2026-05-19T18:41:00,1.51
2026-05-19T18:42:00,1.56
2026-05-19T18:43:00,1.46
2026-05-19T18:44:00,1.45
2026-05-19T18:45:00,1.47
2026-05-19T18:46:00,1.44
2026-05-19T18:47:00,1.48
2026-05-19T18:48:00,1.54
2026-05-19T18:49:00,1.56
2026-05-19T18:50:00,1.55
2026-05-19T18:51:00,1.58
2026-05-19T18:52:00,1.61
2026-05-19T18:53:00,1.62
2026-05-19T18:54:00,1.59
2026-05-19T18:55:00,1.60
2026-05-19T18:56:00,1.58
2026-05-19T18:57:00,1.58
2026-05-19T18:58:00,1.63
2026-05-19T18:59:00,1.63
2026-05-19T19:00:00,1.64
2026-05-19T19:01:00,1.61
2026-05-19T19:02:00,1.58
2026-05-19T19:03:00,1.57
2026-05-19T19:04:00,1.59
2026-05-19T19:05:00,1.58
2026-05-19T19:06:00,1.58
2026-05-19T19:07:00,1.55
2026-05-19T19:08:00,1.60
2026-05-19T19:09:00,1.61
2026-05-19T19:10:00,1.65
2026-05-19T19:11:00,1.59
2026-05-19T19:12:00,1.62
2026-05-19T19:13:00,1.65
2026-05-19T19:14:00,1.65
2026-05-19T19:15:00,1.65
2026-05-19T19:16:00,1.64
2026-05-19T19:17:00,1.65
2026-05-19T19:18:00,1.67
2026-05-19T19:19:00,1.69
2026-05-19T19:20:00,1.63
2026-05-19T19:21:00,1.69
2026-05-19T19:22:00,1.68
2026-05-19T19:23:00,1.68
2026-05-19T19:24:00,1.67
2026-05-19T19:25:00,1.68
2026-05-19T19:26:00,1.66
2026-05-19T19:27:00,1.66
2026-05-19T19:28:00,1.62
2026-05-19T19:29:00,1.60
2026-05-19T19:30:00,1.59
2026-05-19T19:31:00,1.60
2026-05-19T19:32:00,1.62
2026-05-19T19:33:00,1.62
2026-05-19T19:34:00,1.65
2026-05-19T19:35:00,1.67
2026-05-19T19:36:00,1.72
2026-05-19T19:37:00,1.69
2026-05-19T19:38:00,1.63
2026-05-19T19:39:00,1.61
2026-05-19T19:40:00,1.58
2026-05-19T19:41:00,1.61
2026-05-19T19:42:00,1.59
2026-05-19T19:43:00,1.63
2026-05-19T19:44:00,1.65
2026-05-19T19:45:00,1.68
2026-05-19T19:46:00,1.70
2026-05-19T19:47:00,1.73
2026-05-19T19:48:00,1.70
2026-05-19T19:49:00,1.69
2026-05-19T19:50:00,1.68
2026-05-19T19:51:00,1.67
2026-05-19T19:52:00,1.64
2026-05-19T19:53:00,1.69
2026-05-19T19:54:00,1.72
2026-05-19T19:55:00,1.69
2026-05-19T19:56:00,1.75
2026-05-19T19:57:00,1.79
2026-05-19T19:58:00,1.76
2026-05-19T19:59:00,1.73
2026-05-19T20:00:00,1.74
2026-05-19T20:01:00,1.72
2026-05-19T20:02:00,1.78
2026-05-19T20:03:00,1.83
2026-05-19T20:04:00,1.82
2026-05-19T20:05:00,1.80
2026-05-19T20:06:00,1.85
2026-05-19T20:07:00,1.86
2026-05-19T20:08:00,1.83
2026-05-19T20:09:00,1.85
2026-05-19T20:10:00,1.79
2026-05-19T20:11:00,1.79
2026-05-19T20:12:00,1.77
2026-05-19T20:13:00,1.77
2026-05-19T20:14:00,1.81
2026-05-19T20:15:00,1.90
2026-05-19T20:16:00,1.84
2026-05-19T20:17:00,1.86
2026-05-19T20:18:00,1.82
2026-05-19T20:19:00,1.89
2026-05-19T20:20:00,1.88
2026-05-19T20:21:00,1.92
2026-05-19T20:22:00,1.91
2026-05-19T20:23:00,1.92
2026-05-19T20:24:00,1.81
2026-05-19T20:25:00,1.92
2026-05-19T20:26:00,1.94
2026-05-19T20:27:00,1.93
2026-05-19T20:28:00,1.89
2026-05-19T20:29:00,1.89
2026-05-19T20:30:00,1.94
2026-05-19T20:31:00,1.90
2026-05-19T20:32:00,1.91
2026-05-19T20:33:00,1.87
2026-05-19T20:34:00,2.02
2026-05-19T20:35:00,1.92
2026-05-19T20:36:00,1.95
2026-05-19T20:37:00,1.83
2026-05-19T20:38:00,2.01
2026-05-19T20:39:00,1.92
2026-05-19T20:40:00,1.94
2026-05-19T20:41:00,1.94
2026-05-19T20:42:00,1.98
2026-05-19T20:43:00,2.03
2026-05-19T20:44:00,2.07
2026-05-19T20:45:00,2.10
2026-05-19T20:46:00,2.05
2026-05-19T20:47:00,2.01
2026-05-19T20:48:00,2.06
2026-05-19T20:49:00,2.07
2026-05-19T20:50:00,2.09
2026-05-19T20:51:00,2.06
2026-05-19T20:52:00,2.04
2026-05-19T20:53:00,2.08
2026-05-19T20:54:00,2.12
2026-05-19T20:55:00,2.09
2026-05-19T20:56:00,2.08
2026-05-19T20:57:00,2.05
2026-05-19T20:58:00,2.09
2026-05-19T20:59:00,1.94
2026-05-19T21:00:00,1.99
2026-05-19T21:01:00,1.93
2026-05-19T21:02:00,2.05
2026-05-19T21:03:00,1.93
2026-05-19T21:04:00,2.09
2026-05-19T21:05:00,2.09
2026-05-19T21:06:00,2.10
2026-05-19T21:07:00,2.03
2026-05-19T21:08:00,2.05
2026-05-19T21:09:00,2.13
2026-05-19T21:10:00,2.11
2026-05-19T21:11:00,2.05
2026-05-19T21:12:00,2.42
2026-05-19T21:13:00,2.17
2026-05-19T21:14:00,2.16
2026-05-19T21:15:00,1.95
2026-05-19T21:16:00,2.16
2026-05-19T21:17:00,2.08
2026-05-19T21:18:00,2.08
2026-05-19T21:19:00,2.06
2026-05-19T21:20:00,2.06
2026-05-19T21:21:00,2.04
2026-05-19T21:22:00,2.07
2026-05-19T21:23:00,2.09
2026-05-19T21:24:00,2.07
2026-05-19T21:25:00,2.07
2026-05-19T21:26:00,2.08
2026-05-19T21:27:00,2.07
2026-05-19T21:28:00,2.07
2026-05-19T21:29:00,2.11
2026-05-19T21:30:00,2.10
2026-05-19T21:31:00,2.15
2026-05-19T21:32:00,2.15
2026-05-19T21:33:00,2.16
2026-05-19T21:34:00,2.16
2026-05-19T21:35:00,2.15
2026-05-19T21:36:00,2.17
2026-05-19T21:37:00,2.15
2026-05-19T21:38:00,2.10
2026-05-19T21:39:00,2.10
2026-05-19T21:40:00,2.10
2026-05-19T21:41:00,2.20
2026-05-19T21:42:00,2.21
2026-05-19T21:43:00,2.18
2026-05-19T21:44:00,2.21
2026-05-19T21:45:00,2.19
2026-05-19T21:46:00,2.20
2026-05-19T21:47:00,2.17
2026-05-19T21:48:00,2.20
2026-05-19T21:49:00,2.15
2026-05-19T21:50:00,2.16
2026-05-19T21:51:00,2.14
2026-05-19T21:52:00,2.14
2026-05-19T21:53:00,2.14
2026-05-19T21:54:00,2.13
2026-05-19T21:55:00,2.11
2026-05-19T21:56:00,2.09
2026-05-19T21:57:00,2.11
2026-05-19T21:58:00,2.10
2026-05-19T21:59:00,2.07
2026-05-19T22:00:00,2.06
2026-05-19T22:01:00,2.06
2026-05-19T22:02:00,2.11
2026-05-19T22:03:00,2.13
2026-05-19T22:04:00,2.13
2026-05-19T22:05:00,2.14
2026-05-19T22:06:00,2.17
2026-05-19T22:07:00,2.15
2026-05-19T22:08:00,2.16
2026-05-19T22:09:00,2.15
2026-05-19T22:10:00,2.12
2026-05-19T22:11:00,2.10
2026-05-19T22:12:00,2.12
2026-05-19T22:13:00,2.08
2026-05-19T22:14:00,2.05
2026-05-19T22:15:00,2.05
2026-05-19T22:16:00,2.07
2026-05-19T22:17:00,2.07
2026-05-19T22:18:00,2.07
2026-05-19T22:19:00,2.07
2026-05-19T22:20:00,2.08
2026-05-19T22:21:00,2.05
2026-05-19T22:22:00,2.06
2026-05-19T22:23:00,2.03
2026-05-19T22:24:00,2.02
2026-05-19T22:25:00,2.04
2026-05-19T22:26:00,2.03
2026-05-19T22:27:00,2.00
2026-05-19T22:28:00,2.03
2026-05-19T22:29:00,2.03
2026-05-19T22:30:00,2.02
2026-05-19T22:31:00,2.00
2026-05-19T22:32:00,1.99
2026-05-19T22:33:00,2.02
2026-05-19T22:34:00,2.00
2026-05-19T22:35:00,1.98
2026-05-19T22:36:00,1.99
2026-05-19T22:37:00,1.99
2026-05-19T22:38:00,1.98
2026-05-19T22:39:00,1.94
2026-05-19T22:40:00,1.92
2026-05-19T22:41:00,1.89
2026-05-19T22:42:00,1.92
2026-05-19T22:43:00,1.93
2026-05-19T22:44:00,1.87
2026-05-19T22:45:00,1.89
2026-05-19T22:46:00,1.89
2026-05-19T22:47:00,1.89
2026-05-19T22:48:00,1.86
2026-05-19T22:49:00,1.84
2026-05-19T22:50:00,1.83
2026-05-19T22:51:00,1.85
2026-05-19T22:52:00,1.87
2026-05-19T22:53:00,1.84
2026-05-19T22:54:00,1.81
2026-05-19T22:55:00,1.85
2026-05-19T22:56:00,1.84
2026-05-19T22:57:00,1.85
2026-05-19T22:58:00,1.84
2026-05-19T22:59:00,1.81
2026-05-19T23:00:00,1.81
2026-05-19T23:01:00,1.82
2026-05-19T23:02:00,1.82
2026-05-19T23:03:00,1.83
2026-05-19T23:04:00,1.87
2026-05-19T23:05:00,1.91
2026-05-19T23:06:00,1.88
2026-05-19T23:07:00,1.87
2026-05-19T23:08:00,1.87
2026-05-19T23:09:00,1.87
2026-05-19T23:10:00,1.87
2026-05-19T23:11:00,1.90
2026-05-19T23:12:00,1.89
2026-05-19T23:13:00,1.90
2026-05-19T23:14:00,1.86
2026-05-19T23:15:00,1.86
2026-05-19T23:16:00,1.81
2026-05-19T23:17:00,1.83
2026-05-19T23:18:00,1.85
2026-05-19T23:19:00,1.84
2026-05-19T23:20:00,1.83
2026-05-19T23:21:00,1.81
2026-05-19T23:22:00,1.77
2026-05-19T23:23:00,1.80
2026-05-19T23:24:00,1.77
2026-05-19T23:25:00,1.76
2026-05-19T23:26:00,1.77
2026-05-19T23:27:00,1.68
2026-05-19T23:28:00,1.70
2026-05-19T23:29:00,1.73
2026-05-19T23:30:00,1.75
2026-05-19T23:31:00,1.76
2026-05-19T23:32:00,1.73
2026-05-19T23:33:00,1.76
2026-05-19T23:34:00,1.67
2026-05-19T23:35:00,1.62
2026-05-19T23:36:00,1.60
2026-05-19T23:37:00,1.65
2026-05-19T23:38:00,1.65
2026-05-19T23:39:00,1.70
2026-05-19T23:40:00,1.69
2026-05-19T23:41:00,1.69
2026-05-19T23:42:00,1.64
2026-05-19T23:43:00,1.60
2026-05-19T23:44:00,1.62
2026-05-19T23:45:00,1.67
2026-05-19T23:46:00,1.66
2026-05-19T23:47:00,1.73
2026-05-19T23:48:00,1.71
2026-05-19T23:49:00,1.66
2026-05-19T23:50:00,1.63
2026-05-19T23:51:00,1.65
2026-05-19T23:52:00,1.59
2026-05-19T23:53:00,1.61
2026-05-19T23:54:00,1.59
2026-05-19T23:55:00,1.67
2026-05-19T23:56:00,1.71
2026-05-19T23:57:00,1.70
2026-05-19T23:58:00,1.68
2026-05-19T23:59:00,1.58
2026-05-20T00:00:00,1.67
2026-05-20T00:01:00,1.69
2026-05-20T00:02:00,1.66
2026-05-20T00:03:00,1.65
2026-05-20T00:04:00,1.67
2026-05-20T00:05:00,1.65
2026-05-20T00:06:00,1.66
2026-05-20T00:07:00,1.67
2026-05-20T00:08:00,1.72
2026-05-20T00:09:00,1.69
2026-05-20T00:10:00,1.71
2026-05-20T00:11:00,1.75
2026-05-20T00:12:00,1.71
2026-05-20T00:13:00,1.69
2026-05-20T00:14:00,1.68
2026-05-20T00:15:00,1.68
2026-05-20T00:16:00,1.65
2026-05-20T00:17:00,1.64
2026-05-20T00:18:00,1.65
2026-05-20T00:19:00,1.65
2026-05-20T00:20:00,1.65
2026-05-20T00:21:00,1.64
2026-05-20T00:22:00,1.64
2026-05-20T00:23:00,1.63
2026-05-20T00:24:00,1.64
2026-05-20T00:25:00,1.63
2026-05-20T00:26:00,1.64
2026-05-20T00:27:00,1.63
2026-05-20T00:28:00,1.62
2026-05-20T00:29:00,1.62
2026-05-20T00:30:00,1.62
2026-05-20T00:31:00,1.61
2026-05-20T00:32:00,1.61
2026-05-20T00:33:00,1.62
2026-05-20T00:34:00,1.63
2026-05-20T00:35:00,1.60
2026-05-20T00:36:00,1.58
2026-05-20T00:37:00,1.62
2026-05-20T00:38:00,1.62
2026-05-20T00:39:00,1.64
2026-05-20T00:40:00,1.62
2026-05-20T00:41:00,1.62
2026-05-20T00:42:00,1.64
2026-05-20T00:43:00,1.63
2026-05-20T00:44:00,1.63
2026-05-20T00:45:00,1.65
2026-05-20T00:46:00,1.64
2026-05-20T00:47:00,1.66
2026-05-20T00:48:00,1.64
2026-05-20T00:49:00,1.63
2026-05-20T00:50:00,1.65
2026-05-20T00:51:00,1.65
2026-05-20T00:52:00,1.63
2026-05-20T00:53:00,1.71
2026-05-20T00:54:00,1.64
2026-05-20T00:55:00,1.64
2026-05-20T00:56:00,1.65
2026-05-20T00:57:00,1.67
2026-05-20T00:58:00,1.63
2026-05-20T00:59:00,1.64
2026-05-20T01:00:00,1.62

# A maximum of 1500 records were found matching the provided criteria - any remaining rows were ignored.
#
# 
# 
#